sample_id,product,parameter,value,unit,date,is_injected_error,error_type
S0001,Fuel_C,Water,37.078,mg/kg,2026-01-15,False,
S0001,Fuel_C,Sulfur,19.917,mg/kg,2026-01-15,True,near_boundary_anomaly
S0001,Fuel_C,Chloride,0.435,mg/kg,2026-01-15,False,
S0001,Fuel_C,Ash,0.03,% m/m,2026-01-15,False,
S0001,Fuel_C,Viscosity,,cSt,2026-01-15,True,missing_value
S0002,Fuel_C,Water,20.976,mg/kg,2026-03-25,False,
S0002,Fuel_C,Sulfur,5.564,mg/kg,2026-03-25,False,
S0002,Fuel_C,Chloride,3.794,mg/kg,2026-03-25,False,
S0002,Fuel_C,Ash,0.423,% m/m,2026-03-25,False,
S0002,Fuel_C,Viscosity,2.938,cSt,2026-03-25,False,
S0003,Fuel_A,Water,4.836,mg/kg,2026-01-12,False,
S0003,Fuel_A,Sulfur,12.075,mg/kg,2026-01-12,False,
S0003,Fuel_A,Chloride,3.649,mg/kg,2026-01-12,False,
S0003,Fuel_A,Ash,0.973,% m/m,2026-01-12,False,
S0003,Fuel_A,Viscosity,5.968,cSt,2026-01-12,False,
S0004,Fuel_C,Water,48.83,mg/kg,2026-02-16,True,near_boundary_anomaly
S0004,Fuel_C,Sulfur,,mg/kg,2026-02-16,True,missing_value
S0004,Fuel_C,Chloride,4.332,mg/kg,2026-02-16,False,
S0004,Fuel_C,Ash,0.453,% m/m,2026-02-16,False,
S0004,Fuel_C,Viscosity,2.464,cSt,2026-02-16,False,
S0005,Fuel_C,Water,3.57,mg/kg,2026-02-04,False,
S0005,Fuel_C,Sulfur,10.683,mg/kg,2026-02-04,False,
S0005,Fuel_C,Chloride,2.311,mg/kg,2026-02-04,False,
S0005,Fuel_C,Ash,0.925,% m/m,2026-02-04,False,
S0005,Fuel_C,Viscosity,2.977,cSt,2026-02-04,False,
S0006,Fuel_A,Water,40.252,mg/kg,2026-01-30,False,
S0006,Fuel_A,Sulfur,1.324,mg/kg,2026-01-30,False,
S0006,Fuel_A,Chloride,2.836,mg/kg,2026-01-30,False,
S0006,Fuel_A,Ash,0.213,% m/m,2026-01-30,False,
S0006,Fuel_A,Viscosity,8.962,cSt,2026-01-30,False,
S0007,Fuel_A,Water,12.331,mg/kg,2026-02-03,False,
S0007,Fuel_A,Sulfur,5.255,mg/kg,2026-02-03,False,
S0007,Fuel_A,Chloride,4.489,mg/kg,2026-02-03,False,
S0007,Fuel_A,Ash,0.219,% m/m,2026-02-03,False,
S0007,Fuel_A,Viscosity,5.586,mg/L,2026-02-03,True,unit_mismatch
S0008,Fuel_A,Water,39.604,mg/kg,2026-03-22,False,
S0008,Fuel_A,Sulfur,1.271,mg/kg,2026-03-22,False,
S0008,Fuel_A,Chloride,4.981,mg/kg,2026-03-22,False,
S0008,Fuel_A,Ash,0.971,% m/m,2026-03-22,False,
S0008,Fuel_A,Viscosity,1.103,cSt,2026-03-22,False,
S0009,Fuel_C,Water,38.43,mg/kg,2026-03-10,False,
S0009,Fuel_C,Sulfur,5.87,mg/kg,2026-03-10,False,
S0009,Fuel_C,Chloride,0.016,mg/kg,2026-03-10,False,
S0009,Fuel_C,Ash,0.72,% m/m,2026-03-10,False,
S0009,Fuel_C,Viscosity,7.858,cSt,2026-03-10,False,
S0010,Fuel_A,Water,42.083,mg/kg,2026-03-22,False,
S0010,Fuel_A,Sulfur,3.978,mg/kg,2026-03-22,False,
S0010,Fuel_A,Chloride,0.808,mg/kg,2026-03-22,False,
S0010,Fuel_A,Ash,0.922,% m/m,2026-03-22,False,
S0010,Fuel_A,Viscosity,6.391,cSt,2026-03-22,False,
S0011,Fuel_A,Water,11.973,mg/kg,2026-02-16,False,
S0011,Fuel_A,Sulfur,19.682,mg/kg,2026-02-16,True,near_boundary_anomaly
S0011,Fuel_A,Chloride,0.346,mg/kg,2026-02-16,False,
S0011,Fuel_A,Ash,1.957,% m/m,2026-02-16,True,out_of_range
S0011,Fuel_A,Viscosity,2.486,cSt,2026-02-16,False,
S0012,Fuel_C,Water,46.446,mg/kg,2026-02-24,False,
S0012,Fuel_C,Sulfur,13.797,mg/kg,2026-02-24,False,
S0012,Fuel_C,Chloride,1.995,mg/kg,2026-02-24,False,
S0012,Fuel_C,Ash,0.373,% m/m,2026-02-24,False,
S0012,Fuel_C,Viscosity,5.063,cSt,2026-02-24,False,
S0013,Fuel_A,Water,29.415,mg/kg,2026-02-13,False,
S0013,Fuel_A,Sulfur,19.434,mg/kg,2026-02-13,True,near_boundary_anomaly
S0013,Fuel_A,Chloride,0.337,mg/kg,bad_date,True,bad_date
S0013,Fuel_A,Ash,0.071,% m/m,2026-02-13,False,
S0013,Fuel_A,Viscosity,7.021,cSt,2026-02-13,False,
S0014,Fuel_A,Water,23.634,mg/kg,2026-03-15,False,
S0014,Fuel_A,Sulfur,16.15,mg/kg,2026-03-15,False,
S0014,Fuel_A,Chloride,0.485,mg/kg,2026-03-15,False,
S0014,Fuel_A,Ash,0.424,% m/m,2026-03-15,False,
S0014,Fuel_A,Viscosity,7.562,cSt,2026-03-15,False,
S0015,Fuel_C,Water,20.131,mg/kg,2026-01-13,False,
S0015,Fuel_C,Sulfur,17.233,mg/kg,2026-01-13,False,
S0015,Fuel_C,Chloride,0.951,mg/kg,2026-01-13,False,
S0015,Fuel_C,Ash,0.422,% m/m,2026-01-13,False,
S0015,Fuel_C,Viscosity,3.248,cSt,2026-01-13,False,
S0016,Fuel_B,Water,2.529,mg/kg,2026-03-12,False,
S0016,Fuel_B,Sulfur,16.721,mg/kg,2026-03-12,False,
S0016,Fuel_B,Chloride,4.632,mg/kg,2026-03-12,False,
S0016,Fuel_B,Ash,0.166,% m/m,2026-03-12,False,
S0016,Fuel_B,Viscosity,2.924,cSt,2026-03-12,False,
S0017,Fuel_A,Water,0.108,mg/kg,2026-01-22,False,
S0017,Fuel_A,Sulfur,18.53,mg/kg,2026-01-22,False,
S0017,Fuel_A,Chloride,1.426,mg/kg,2026-01-22,False,
S0017,Fuel_A,Ash,0.731,% m/m,2026-01-22,False,
S0017,Fuel_A,Viscosity,6.957,cSt,2026-01-22,False,
S0018,Fuel_A,Water,48.435,mg/kg,2026-02-07,False,
S0018,Fuel_A,Sulfur,10.844,mg/kg,2026-02-07,False,
S0018,Fuel_A,Chloride,0.286,mg/kg,2026-02-07,False,
S0018,Fuel_A,Ash,0.503,% m/m,2026-02-07,False,
S0018,Fuel_A,Viscosity,2.417,cSt,2026-02-07,False,
S0019,Fuel_A,Water,29.752,mg/kg,2026-01-24,False,
S0019,Fuel_A,Sulfur,15.985,mg/kg,2026-01-24,True,contextual_shift
S0019,Fuel_A,Chloride,2.973,mg/kg,2026-01-24,False,
S0019,Fuel_A,Ash,0.419,% m/m,2026-01-24,False,
S0019,Fuel_A,Viscosity,5.705,cSt,2026-01-24,False,
S0020,Fuel_A,Water,11.934,mg/kg,2026-03-27,False,
S0020,Fuel_A,Sulfur,13.434,mg/kg,2026-03-27,False,
S0020,Fuel_A,Chloride,1.581,mg/kg,2026-03-27,False,
S0020,Fuel_A,Ash,0.073,% m/m,2026-03-27,False,
S0020,Fuel_A,Viscosity,9.986,cSt,2026-03-27,False,
S0021,Fuel_A,Water,25.294,mg/kg,bad_date,True,bad_date
S0021,Fuel_A,Sulfur,17.617,mg/kg,2026-03-10,False,
S0021,Fuel_A,Chloride,1.848,mg/kg,2026-03-10,False,
S0021,Fuel_A,Ash,0.834,% m/m,2026-03-10,False,
S0021,Fuel_A,Viscosity,6.505,cSt,2026-03-10,False,
S0022,Fuel_C,Water,33.393,mg/kg,2026-03-09,False,
S0022,Fuel_C,Sulfur,,mg/kg,2026-03-09,True,missing_value
S0022,Fuel_C,Chloride,1.322,mg/kg,2026-03-09,False,
S0022,Fuel_C,Ash,0.742,% m/m,2026-03-09,False,
S0022,Fuel_C,Viscosity,3.536,cSt,2026-03-09,False,
S0023,Fuel_B,Water,42.646,mg/kg,2026-01-27,False,
S0023,Fuel_B,Sulfur,5.022,mg/kg,2026-01-27,False,
S0023,Fuel_B,Chloride,0.254,mg/kg,2026-01-27,False,
S0023,Fuel_B,Ash,0.829,% m/m,bad_date,True,bad_date
S0023,Fuel_B,Viscosity,7.94,cSt,2026-01-27,False,
S0024,Fuel_B,Water,27.584,mg/kg,2026-01-21,False,
S0024,Fuel_B,Sulfur,19.924,mg/kg,2026-01-21,True,near_boundary_anomaly
S0024,Fuel_B,Chloride,2.728,mg/kg,2026-01-21,False,
S0024,Fuel_B,Ash,,% m/m,2026-01-21,True,missing_value
S0024,Fuel_B,Viscosity,1.376,cSt,2026-01-21,False,
S0025,Fuel_A,Water,34.103,mg/kg,2026-02-15,False,
S0025,Fuel_A,Sulfur,7.074,mg/kg,2026-02-15,False,
S0025,Fuel_A,Chloride,4.374,mg/kg,2026-02-15,False,
S0025,Fuel_A,Ash,0.749,% m/m,2026-02-15,False,
S0025,Fuel_A,Viscosity,3.131,cSt,2026-02-15,False,
S0026,Fuel_A,Water,8.968,mg/kg,2026-02-22,False,
S0026,Fuel_A,Sulfur,15.648,mg/kg,2026-02-22,False,
S0026,Fuel_A,Chloride,3.35,mg/kg,2026-02-22,False,
S0026,Fuel_A,Ash,0.248,% m/m,2026-02-22,False,
S0026,Fuel_A,Viscosity,7.312,cSt,2026-02-22,False,
S0027,Fuel_A,Water,9.979,mg/kg,2026-03-02,False,
S0027,Fuel_A,Sulfur,6.993,mg/kg,2026-03-02,False,
S0027,Fuel_A,Chloride,4.357,mg/kg,2026-03-02,False,
S0027,Fuel_A,Ash,0.66,% m/m,2026-03-02,False,
S0027,Fuel_A,Viscosity,3.507,cSt,bad_date,True,bad_date
S0028,Fuel_B,Water,19.984,mg/kg,2026-03-24,False,
S0028,Fuel_B,Sulfur,10.724,mg/kg,2026-03-24,False,
S0028,Fuel_B,Chloride,0.577,mg/kg,2026-03-24,False,
S0028,Fuel_B,Ash,0.179,% m/m,2026-03-24,False,
S0028,Fuel_B,Viscosity,14.765,cSt,2026-03-24,True,out_of_range
S0029,Fuel_B,Water,39.401,mg/kg,2026-02-25,True,contextual_shift
S0029,Fuel_B,Sulfur,0.888,mg/kg,2026-02-25,False,
S0029,Fuel_B,Chloride,2.6,mg/kg,2026-02-25,False,
S0029,Fuel_B,Ash,0.687,% m/m,2026-02-25,False,
S0029,Fuel_B,Viscosity,7.633,cSt,2026-02-25,False,
S0030,Fuel_B,Water,31.158,mg/kg,2026-01-09,False,
S0030,Fuel_B,Sulfur,2.493,mg/kg,2026-01-09,False,
S0030,Fuel_B,Chloride,2.536,mg/kg,2026-01-09,False,
S0030,Fuel_B,Ash,0.326,% m/m,2026-01-09,False,
S0030,Fuel_B,Viscosity,5.99,cSt,2026-01-09,False,
S0031,Fuel_C,Water,30.776,mg/kg,2026-02-18,False,
S0031,Fuel_C,Sulfur,10.959,mg/kg,bad_date,True,bad_date
S0031,Fuel_C,Chloride,1.051,mg/kg,2026-02-18,False,
S0031,Fuel_C,Ash,0.607,% m/m,2026-02-18,False,
S0031,Fuel_C,Viscosity,4.976,cSt,2026-02-18,False,
S0032,Fuel_C,Water,32.943,mg/kg,2026-03-02,False,
S0032,Fuel_C,Sulfur,13.277,mg/kg,2026-03-02,False,
S0032,Fuel_C,Chloride,0.467,mg/kg,2026-03-02,False,
S0032,Fuel_C,Ash,0.235,% m/m,2026-03-02,False,
S0032,Fuel_C,Viscosity,8.259,ppm,2026-03-02,True,unit_mismatch
S0033,Fuel_B,Water,22.771,mg/kg,2026-03-20,False,
S0033,Fuel_B,Sulfur,11.513,mg/kg,2026-03-20,False,
S0033,Fuel_B,Chloride,1.92,mg/kg,2026-03-20,False,
S0033,Fuel_B,Ash,0.148,% m/m,2026-03-20,False,
S0033,Fuel_B,Viscosity,9.034,cSt,2026-03-20,False,
S0034,Fuel_A,Water,8.794,mg/kg,2026-02-24,False,
S0034,Fuel_A,Sulfur,,mg/kg,2026-02-24,True,missing_value
S0034,Fuel_A,Chloride,,mg/kg,2026-02-24,True,missing_value
S0034,Fuel_A,Ash,0.801,% m/m,2026-02-24,False,
S0034,Fuel_A,Viscosity,9.891,cSt,2026-02-24,False,
S0035,Fuel_B,Water,21.337,mg/kg,2026-03-20,False,
S0035,Fuel_B,Sulfur,8.918,mg/kg,2026-03-20,False,
S0035,Fuel_B,Chloride,4.307,mg/kg,2026-03-20,False,
S0035,Fuel_B,Ash,0.752,% m/m,2026-03-20,False,
S0035,Fuel_B,Viscosity,3.496,cSt,2026-03-20,False,
S0036,Fuel_B,Water,13.73,mg/kg,bad_date,True,bad_date
S0036,Fuel_B,Sulfur,4.69,mg/kg,2026-03-22,False,
S0036,Fuel_B,Chloride,,mg/kg,2026-03-22,True,missing_value
S0036,Fuel_B,Ash,0.231,% m/m,2026-03-22,False,
S0036,Fuel_B,Viscosity,14.647,cSt,2026-03-22,True,out_of_range
S0037,Fuel_B,Water,10.342,mg/kg,2026-02-23,False,
S0037,Fuel_B,Sulfur,18.097,mg/kg,2026-02-23,False,
S0037,Fuel_B,Chloride,3.478,mg/kg,2026-02-23,False,
S0037,Fuel_B,Ash,0.766,% m/m,2026-02-23,False,
S0037,Fuel_B,Viscosity,1.053,cSt,2026-02-23,False,
S0038,Fuel_B,Water,37.376,mg/kg,2026-02-23,False,
S0038,Fuel_B,Sulfur,12.065,mg/kg,2026-02-23,False,
S0038,Fuel_B,Chloride,1.097,mg/kg,2026-02-23,False,
S0038,Fuel_B,Ash,0.029,% m/m,2026-02-23,False,
S0038,Fuel_B,Viscosity,7.112,cSt,2026-02-23,False,
S0039,Fuel_A,Water,49.036,mg/kg,2026-03-01,False,
S0039,Fuel_A,Sulfur,18.139,mg/kg,2026-03-01,False,
S0039,Fuel_A,Chloride,6.543,mg/kg,2026-03-01,True,out_of_range
S0039,Fuel_A,Ash,1.462,% m/m,2026-03-01,True,out_of_range
S0039,Fuel_A,Viscosity,5.092,cSt,2026-03-01,False,
S0040,Fuel_B,Water,12.614,unknown,2026-02-05,True,unit_mismatch
S0040,Fuel_B,Sulfur,1.042,mg/kg,2026-02-05,False,
S0040,Fuel_B,Chloride,4.856,mg/kg,2026-02-05,True,near_boundary_anomaly
S0040,Fuel_B,Ash,0.031,% m/m,2026-02-05,False,
S0040,Fuel_B,Viscosity,8.553,cSt,2026-02-05,False,
S0041,Fuel_A,Water,33.473,mg/kg,2026-01-17,False,
S0041,Fuel_A,Sulfur,4.359,mg/kg,2026-01-17,False,
S0041,Fuel_A,Chloride,3.834,mg/kg,2026-01-17,False,
S0041,Fuel_A,Ash,0.607,% m/m,2026-01-17,False,
S0041,Fuel_A,Viscosity,2.031,cSt,2026-01-17,False,
S0042,Fuel_B,Water,1.284,mg/kg,2026-01-14,False,
S0042,Fuel_B,Sulfur,13.547,mg/kg,2026-01-14,False,
S0042,Fuel_B,Chloride,1.983,mg/kg,2026-01-14,False,
S0042,Fuel_B,Ash,0.076,% m/m,2026-01-14,False,
S0042,Fuel_B,Viscosity,6.645,cSt,bad_date,True,bad_date
S0043,Fuel_C,Water,39.811,mg/kg,2026-03-18,False,
S0043,Fuel_C,Sulfur,0.821,mg/kg,2026-03-18,False,
S0043,Fuel_C,Chloride,4.899,mg/kg,2026-03-18,True,near_boundary_anomaly
S0043,Fuel_C,Ash,0.85,% m/m,2026-03-18,False,
S0043,Fuel_C,Viscosity,1.95,cSt,2026-03-18,False,
S0044,Fuel_C,Water,21.774,mg/kg,2026-02-28,False,
S0044,Fuel_C,Sulfur,19.309,mg/kg,2026-02-28,False,
S0044,Fuel_C,Chloride,4.041,mg/kg,2026-02-28,False,
S0044,Fuel_C,Ash,0.483,% m/m,2026-02-28,False,
S0044,Fuel_C,Viscosity,7.579,cSt,2026-02-28,False,
S0045,Fuel_A,Water,44.082,mg/kg,2026-01-12,False,
S0045,Fuel_A,Sulfur,9.294,mg/kg,2026-01-12,False,
S0045,Fuel_A,Chloride,1.895,mg/kg,bad_date,True,bad_date
S0045,Fuel_A,Ash,0.182,% m/m,2026-01-12,False,
S0045,Fuel_A,Viscosity,8.18,cSt,2026-01-12,False,
S0046,Fuel_C,Water,27.79,mg/kg,2026-03-31,False,
S0046,Fuel_C,Sulfur,3.821,mg/kg,2026-03-31,False,
S0046,Fuel_C,Chloride,2.032,mg/kg,2026-03-31,False,
S0046,Fuel_C,Ash,0.24,% m/m,2026-03-31,False,
S0046,Fuel_C,Viscosity,7.407,cSt,2026-03-31,False,
S0047,Fuel_A,Water,11.08,mg/kg,2026-01-12,False,
S0047,Fuel_A,Sulfur,6.124,mg/kg,2026-01-12,False,
S0047,Fuel_A,Chloride,2.366,mg/kg,2026-01-12,False,
S0047,Fuel_A,Ash,0.426,% m/m,2026-01-12,False,
S0047,Fuel_A,Viscosity,3.977,cSt,2026-01-12,False,
S0048,Fuel_B,Water,11.527,mg/kg,2026-02-09,False,
S0048,Fuel_B,Sulfur,6.311,mg/kg,2026-02-09,False,
S0048,Fuel_B,Chloride,4.754,mg/kg,2026-02-09,False,
S0048,Fuel_B,Ash,0.192,% m/m,2026-02-09,False,
S0048,Fuel_B,Viscosity,3.488,cSt,2026-02-09,False,
S0049,Fuel_C,Water,49.026,mg/kg,2026-03-18,False,
S0049,Fuel_C,Sulfur,5.925,mg/kg,2026-03-18,False,
S0049,Fuel_C,Chloride,1.511,mg/kg,2026-03-18,False,
S0049,Fuel_C,Ash,0.127,unknown,2026-03-18,True,unit_mismatch
S0049,Fuel_C,Viscosity,3.629,cSt,2026-03-18,False,
S0050,Fuel_C,Water,43.636,mg/kg,2026-03-04,False,
S0050,Fuel_C,Sulfur,9.388,mg/kg,2026-03-04,False,
S0050,Fuel_C,Chloride,6.456,mg/kg,2026-03-04,True,out_of_range
S0050,Fuel_C,Ash,0.065,% m/m,2026-03-04,False,
S0050,Fuel_C,Viscosity,6.193,cSt,2026-03-04,False,
S0051,Fuel_A,Water,,mg/kg,2026-01-20,True,missing_value
S0051,Fuel_A,Sulfur,2.369,mg/kg,2026-01-20,False,
S0051,Fuel_A,Chloride,3.032,mg/kg,2026-01-20,False,
S0051,Fuel_A,Ash,0.226,% m/m,2026-01-20,False,
S0051,Fuel_A,Viscosity,5.055,cSt,2026-01-20,False,
S0052,Fuel_C,Water,48.644,mg/kg,2026-02-24,True,near_boundary_anomaly
S0052,Fuel_C,Sulfur,15.255,mg/kg,2026-02-24,False,
S0052,Fuel_C,Chloride,,mg/kg,2026-02-24,True,missing_value
S0052,Fuel_C,Ash,0.174,cP,2026-02-24,True,unit_mismatch
S0052,Fuel_C,Viscosity,5.055,cSt,2026-02-24,False,
S0053,Fuel_B,Water,14.405,mg/kg,2026-01-05,False,
S0053,Fuel_B,Sulfur,,mg/kg,2026-01-05,True,missing_value
S0053,Fuel_B,Chloride,4.62,mg/kg,2026-01-05,False,
S0053,Fuel_B,Ash,0.625,% m/m,2026-01-05,False,
S0053,Fuel_B,Viscosity,9.403,cSt,2026-01-05,False,
S0054,Fuel_C,Water,7.449,mg/kg,2026-01-29,False,
S0054,Fuel_C,Sulfur,2.845,mg/kg,bad_date,True,bad_date
S0054,Fuel_C,Chloride,2.975,mg/kg,2026-01-29,False,
S0054,Fuel_C,Ash,0.921,% m/m,2026-01-29,False,
S0054,Fuel_C,Viscosity,5.218,cSt,2026-01-29,False,
S0055,Fuel_B,Water,26.999,mg/kg,2026-02-04,False,
S0055,Fuel_B,Sulfur,11.961,mg/kg,2026-02-04,False,
S0055,Fuel_B,Chloride,3.673,mg/kg,2026-02-04,False,
S0055,Fuel_B,Ash,0.026,% m/m,2026-02-04,False,
S0055,Fuel_B,Viscosity,7.069,cSt,2026-02-04,False,
S0056,Fuel_C,Water,28.812,mg/kg,2026-01-03,False,
S0056,Fuel_C,Sulfur,3.504,mg/kg,2026-01-03,False,
S0056,Fuel_C,Chloride,2.211,mg/kg,2026-01-03,False,
S0056,Fuel_C,Ash,0.997,% m/m,2026-01-03,False,
S0056,Fuel_C,Viscosity,8.328,cSt,2026-01-03,False,
S0057,Fuel_B,Water,16.665,mg/kg,2026-02-14,False,
S0057,Fuel_B,Sulfur,17.155,mg/kg,2026-02-14,False,
S0057,Fuel_B,Chloride,3.468,mg/kg,2026-02-14,False,
S0057,Fuel_B,Ash,0.945,% m/m,2026-02-14,False,
S0057,Fuel_B,Viscosity,5.951,cSt,2026-02-14,False,
S0058,Fuel_B,Water,5.796,mg/kg,2026-02-02,False,
S0058,Fuel_B,Sulfur,17.298,mg/kg,2026-02-02,False,
S0058,Fuel_B,Chloride,0.006,mg/kg,2026-02-02,False,
S0058,Fuel_B,Ash,0.822,% m/m,2026-02-02,True,contextual_shift
S0058,Fuel_B,Viscosity,7.808,cSt,2026-02-02,False,
S0059,Fuel_A,Water,27.461,mg/kg,2026-01-27,False,
S0059,Fuel_A,Sulfur,8.762,mg/kg,2026-01-27,False,
S0059,Fuel_A,Chloride,0.607,mg/kg,2026-01-27,False,
S0059,Fuel_A,Ash,0.609,% m/m,2026-01-27,False,
S0059,Fuel_A,Viscosity,2.425,cSt,2026-01-27,False,
S0060,Fuel_C,Water,11.235,mg/kg,2026-02-22,False,
S0060,Fuel_C,Sulfur,2.269,mg/kg,2026-02-22,False,
S0060,Fuel_C,Chloride,3.239,mg/kg,2026-02-22,False,
S0060,Fuel_C,Ash,0.933,% m/m,2026-02-22,False,
S0060,Fuel_C,Viscosity,7.349,cSt,2026-02-22,False,
S0061,Fuel_B,Water,,mg/kg,2026-03-02,True,missing_value
S0061,Fuel_B,Sulfur,18.437,mg/kg,2026-03-02,False,
S0061,Fuel_B,Chloride,4.397,mg/kg,2026-03-02,False,
S0061,Fuel_B,Ash,0.276,% m/m,2026-03-02,False,
S0061,Fuel_B,Viscosity,4.734,cSt,2026-03-02,False,
S0062,Fuel_C,Water,14.142,mg/kg,2026-02-04,False,
S0062,Fuel_C,Sulfur,11.739,mg/kg,2026-02-04,False,
S0062,Fuel_C,Chloride,4.234,mg/kg,2026-02-04,True,contextual_shift
S0062,Fuel_C,Ash,0.332,% m/m,2026-02-04,False,
S0062,Fuel_C,Viscosity,4.395,cSt,2026-02-04,False,
S0063,Fuel_A,Water,28.59,mg/kg,2026-03-31,False,
S0063,Fuel_A,Sulfur,19.674,mg/kg,2026-03-31,True,near_boundary_anomaly
S0063,Fuel_A,Chloride,4.567,mg/kg,2026-03-31,False,
S0063,Fuel_A,Ash,0.988,% m/m,2026-03-31,False,
S0063,Fuel_A,Viscosity,6.868,cSt,2026-03-31,False,
S0064,Fuel_A,Water,48.268,mg/kg,2026-01-17,False,
S0064,Fuel_A,Sulfur,2.007,mg/kg,2026-01-17,False,
S0064,Fuel_A,Chloride,0.499,mg/kg,2026-01-17,False,
S0064,Fuel_A,Ash,0.998,% m/m,2026-01-17,True,near_boundary_anomaly
S0064,Fuel_A,Viscosity,1.673,cSt,2026-01-17,False,
S0065,Fuel_B,Water,34.635,mg/kg,2026-02-13,False,
S0065,Fuel_B,Sulfur,17.035,mg/kg,2026-02-13,False,
S0065,Fuel_B,Chloride,4.297,mg/kg,2026-02-13,False,
S0065,Fuel_B,Ash,0.317,% m/m,2026-02-13,False,
S0065,Fuel_B,Viscosity,7.835,cSt,2026-02-13,False,
S0066,Fuel_A,Water,11.739,mg/kg,2026-03-21,False,
S0066,Fuel_A,Sulfur,5.748,mg/kg,2026-03-21,False,
S0066,Fuel_A,Chloride,0.452,mg/kg,2026-03-21,False,
S0066,Fuel_A,Ash,0.76,% m/m,2026-03-21,False,
S0066,Fuel_A,Viscosity,1.905,cSt,2026-03-21,False,
S0067,Fuel_B,Water,16.219,mg/kg,bad_date,True,bad_date
S0067,Fuel_B,Sulfur,16.648,mg/kg,2026-01-04,True,contextual_shift
S0067,Fuel_B,Chloride,3.409,mg/kg,2026-01-04,False,
S0067,Fuel_B,Ash,0.175,% m/m,2026-01-04,False,
S0067,Fuel_B,Viscosity,4.443,cSt,2026-01-04,False,
S0068,Fuel_B,Water,11.609,mg/kg,2026-03-16,False,
S0068,Fuel_B,Sulfur,9.191,mg/kg,2026-03-16,False,
S0068,Fuel_B,Chloride,4.495,mg/kg,2026-03-16,False,
S0068,Fuel_B,Ash,0.288,% m/m,2026-03-16,False,
S0068,Fuel_B,Viscosity,1.665,cSt,2026-03-16,False,
S0069,Fuel_C,Water,48.101,mg/kg,2026-02-08,False,
S0069,Fuel_C,Sulfur,9.137,mg/kg,2026-02-08,False,
S0069,Fuel_C,Chloride,4.997,mg/kg,2026-02-08,False,
S0069,Fuel_C,Ash,0.107,% m/m,2026-02-08,False,
S0069,Fuel_C,Viscosity,4.231,cSt,2026-02-08,False,
S0070,Fuel_C,Water,48.897,mg/kg,2026-02-07,False,
S0070,Fuel_C,Sulfur,5.49,mg/kg,2026-02-07,False,
S0070,Fuel_C,Chloride,3.429,mg/kg,2026-02-07,False,
S0070,Fuel_C,Ash,0.049,% m/m,2026-02-07,False,
S0070,Fuel_C,Viscosity,5.471,cSt,2026-02-07,False,
S0071,Fuel_B,Water,40.097,mg/kg,2026-01-30,False,
S0071,Fuel_B,Sulfur,3.803,mg/kg,2026-01-30,False,
S0071,Fuel_B,Chloride,3.778,mg/kg,2026-01-30,False,
S0071,Fuel_B,Ash,0.681,mg/L,2026-01-30,True,unit_mismatch
S0071,Fuel_B,Viscosity,3.78,cSt,2026-01-30,False,
S0072,Fuel_C,Water,4.507,mg/kg,2026-02-16,False,
S0072,Fuel_C,Sulfur,14.95,mg/kg,2026-02-16,False,
S0072,Fuel_C,Chloride,0.661,mg/kg,2026-02-16,False,
S0072,Fuel_C,Ash,0.971,% m/m,2026-02-16,False,
S0072,Fuel_C,Viscosity,9.221,cSt,2026-02-16,False,
S0073,Fuel_B,Water,37.328,mg/kg,2026-03-03,False,
S0073,Fuel_B,Sulfur,2.303,mg/kg,2026-03-03,False,
S0073,Fuel_B,Chloride,0.704,mg/kg,2026-03-03,False,
S0073,Fuel_B,Ash,0.86,% m/m,2026-03-03,False,
S0073,Fuel_B,Viscosity,9.819,cSt,2026-03-03,False,
S0074,Fuel_C,Water,38.736,mg/kg,2026-02-16,True,contextual_shift
S0074,Fuel_C,Sulfur,7.372,mg/kg,2026-02-16,False,
S0074,Fuel_C,Chloride,1.311,mg/kg,2026-02-16,False,
S0074,Fuel_C,Ash,0.639,% m/m,2026-02-16,False,
S0074,Fuel_C,Viscosity,7.074,cSt,2026-02-16,False,
S0075,Fuel_C,Water,45.763,mg/kg,2026-03-13,False,
S0075,Fuel_C,Sulfur,1.264,mg/kg,2026-03-13,False,
S0075,Fuel_C,Chloride,4.547,mg/kg,2026-03-13,False,
S0075,Fuel_C,Ash,0.408,%,2026-03-13,True,unit_mismatch
S0075,Fuel_C,Viscosity,,cSt,2026-03-13,True,missing_value
S0076,Fuel_C,Water,22.682,mg/kg,2026-01-18,False,
S0076,Fuel_C,Sulfur,14.863,mg/kg,2026-01-18,False,
S0076,Fuel_C,Chloride,2.096,mg/kg,2026-01-18,False,
S0076,Fuel_C,Ash,0.155,% m/m,2026-01-18,False,
S0076,Fuel_C,Viscosity,1.891,cSt,2026-01-18,False,
S0077,Fuel_B,Water,34.514,mg/kg,2026-02-05,False,
S0077,Fuel_B,Sulfur,8.894,mg/kg,2026-02-05,False,
S0077,Fuel_B,Chloride,1.813,mg/kg,2026-02-05,False,
S0077,Fuel_B,Ash,0.367,% m/m,2026-02-05,False,
S0077,Fuel_B,Viscosity,6.803,cSt,bad_date,True,bad_date
S0078,Fuel_A,Water,4.584,mg/kg,2026-01-16,False,
S0078,Fuel_A,Sulfur,12.79,mg/kg,2026-01-16,False,
S0078,Fuel_A,Chloride,0.253,mg/kg,2026-01-16,False,
S0078,Fuel_A,Ash,0.989,% m/m,2026-01-16,False,
S0078,Fuel_A,Viscosity,2.847,cSt,2026-01-16,False,
S0079,Fuel_C,Water,10.798,mg/kg,2026-01-27,False,
S0079,Fuel_C,Sulfur,15.011,mg/kg,2026-01-27,True,contextual_shift
S0079,Fuel_C,Chloride,,mg/kg,2026-01-27,True,missing_value
S0079,Fuel_C,Ash,0.54,% m/m,2026-01-27,False,
S0079,Fuel_C,Viscosity,1.989,cSt,2026-01-27,False,
S0080,Fuel_A,Water,39.499,mg/kg,2026-01-02,False,
S0080,Fuel_A,Sulfur,6.475,mg/kg,2026-01-02,False,
S0080,Fuel_A,Chloride,0.262,mg/kg,2026-01-02,False,
S0080,Fuel_A,Ash,0.526,% m/m,2026-01-02,False,
S0080,Fuel_A,Viscosity,5.286,cSt,2026-01-02,False,
S0081,Fuel_C,Water,22.6,mg/kg,2026-03-17,False,
S0081,Fuel_C,Sulfur,12.302,mg/kg,2026-03-17,False,
S0081,Fuel_C,Chloride,4.544,mg/kg,2026-03-17,False,
S0081,Fuel_C,Ash,0.302,% m/m,2026-03-17,False,
S0081,Fuel_C,Viscosity,1.28,cSt,2026-03-17,False,
S0082,Fuel_B,Water,24.513,mg/kg,2026-02-24,False,
S0082,Fuel_B,Sulfur,15.593,mg/kg,2026-02-24,True,contextual_shift
S0082,Fuel_B,Chloride,0.631,mg/kg,2026-02-24,False,
S0082,Fuel_B,Ash,0.585,% m/m,2026-02-24,False,
S0082,Fuel_B,Viscosity,4.428,cSt,2026-02-24,False,
S0083,Fuel_B,Water,48.666,mg/kg,2026-02-28,True,near_boundary_anomaly
S0083,Fuel_B,Sulfur,13.094,mg/kg,2026-02-28,False,
S0083,Fuel_B,Chloride,2.757,mg/kg,2026-02-28,False,
S0083,Fuel_B,Ash,0.43,% m/m,2026-02-28,False,
S0083,Fuel_B,Viscosity,4.724,cSt,2026-02-28,False,
S0084,Fuel_B,Water,15.627,mg/kg,2026-02-23,False,
S0084,Fuel_B,Sulfur,5.098,mg/kg,2026-02-23,False,
S0084,Fuel_B,Chloride,3.434,mg/kg,2026-02-23,False,
S0084,Fuel_B,Ash,1.277,% m/m,2026-02-23,True,out_of_range
S0084,Fuel_B,Viscosity,7.649,cSt,2026-02-23,False,
S0085,Fuel_C,Water,47.831,mg/kg,2026-01-08,False,
S0085,Fuel_C,Sulfur,13.4,mg/kg,2026-01-08,False,
S0085,Fuel_C,Chloride,4.368,mg/kg,2026-01-08,False,
S0085,Fuel_C,Ash,0.423,% m/m,2026-01-08,False,
S0085,Fuel_C,Viscosity,1.463,cSt,2026-01-08,False,
S0086,Fuel_B,Water,28.896,mg/kg,2026-02-15,False,
S0086,Fuel_B,Sulfur,13.135,mg/kg,2026-02-15,False,
S0086,Fuel_B,Chloride,0.541,mg/kg,2026-02-15,False,
S0086,Fuel_B,Ash,0.368,% m/m,2026-02-15,False,
S0086,Fuel_B,Viscosity,6.167,cSt,2026-02-15,False,
S0087,Fuel_C,Water,33.749,mg/kg,2026-03-21,False,
S0087,Fuel_C,Sulfur,12.18,mg/kg,2026-03-21,False,
S0087,Fuel_C,Chloride,3.467,mg/kg,bad_date,True,bad_date
S0087,Fuel_C,Ash,0.703,% m/m,2026-03-21,False,
S0087,Fuel_C,Viscosity,,cSt,2026-03-21,True,missing_value
S0088,Fuel_C,Water,3.479,mg/kg,2026-03-26,False,
S0088,Fuel_C,Sulfur,15.861,mg/kg,2026-03-26,True,contextual_shift
S0088,Fuel_C,Chloride,2.099,mg/kg,2026-03-26,False,
S0088,Fuel_C,Ash,0.37,% m/m,2026-03-26,False,
S0088,Fuel_C,Viscosity,7.992,cSt,2026-03-26,False,
S0089,Fuel_A,Water,7.87,mg/kg,2026-01-07,False,
S0089,Fuel_A,Sulfur,13.479,mg/kg,2026-01-07,False,
S0089,Fuel_A,Chloride,3.31,mg/kg,2026-01-07,False,
S0089,Fuel_A,Ash,0.442,% m/m,2026-01-07,False,
S0089,Fuel_A,Viscosity,12.887,cSt,2026-01-07,True,out_of_range
S0090,Fuel_C,Water,24.332,mg/kg,2026-03-28,False,
S0090,Fuel_C,Sulfur,0.908,mg/kg,2026-03-28,False,
S0090,Fuel_C,Chloride,2.997,mg/kg,bad_date,True,bad_date
S0090,Fuel_C,Ash,0.945,% m/m,2026-03-28,False,
S0090,Fuel_C,Viscosity,7.877,cSt,2026-03-28,False,
S0091,Fuel_A,Water,37.351,mg/kg,2026-01-01,False,
S0091,Fuel_A,Sulfur,7.604,mg/kg,2026-01-01,False,
S0091,Fuel_A,Chloride,2.501,mg/kg,2026-01-01,False,
S0091,Fuel_A,Ash,0.971,% m/m,2026-01-01,True,near_boundary_anomaly
S0091,Fuel_A,Viscosity,1.169,cSt,2026-01-01,False,
S0092,Fuel_B,Water,28.67,mg/kg,2026-03-15,False,
S0092,Fuel_B,Sulfur,8.354,%,2026-03-15,True,unit_mismatch
S0092,Fuel_B,Chloride,0.859,mg/kg,2026-03-15,False,
S0092,Fuel_B,Ash,0.46,% m/m,2026-03-15,False,
S0092,Fuel_B,Viscosity,4.257,cSt,2026-03-15,False,
S0093,Fuel_A,Water,29.444,mg/kg,2026-02-01,False,
S0093,Fuel_A,Sulfur,7.915,mg/kg,2026-02-01,False,
S0093,Fuel_A,Chloride,1.698,mg/kg,2026-02-01,False,
S0093,Fuel_A,Ash,0.168,% m/m,2026-02-01,False,
S0093,Fuel_A,Viscosity,2.026,cSt,2026-02-01,False,
S0094,Fuel_B,Water,40.752,mg/kg,2026-02-14,False,
S0094,Fuel_B,Sulfur,2.929,mg/kg,2026-02-14,False,
S0094,Fuel_B,Chloride,3.012,mg/kg,2026-02-14,False,
S0094,Fuel_B,Ash,0.656,% m/m,2026-02-14,False,
S0094,Fuel_B,Viscosity,7.956,cSt,2026-02-14,False,
S0095,Fuel_C,Water,34.057,mg/kg,2026-03-16,False,
S0095,Fuel_C,Sulfur,12.86,mg/kg,2026-03-16,False,
S0095,Fuel_C,Chloride,1.616,mg/kg,2026-03-16,False,
S0095,Fuel_C,Ash,0.316,% m/m,2026-03-16,False,
S0095,Fuel_C,Viscosity,5.22,cSt,2026-03-16,False,
S0096,Fuel_B,Water,78.077,mg/kg,2026-03-17,True,out_of_range
S0096,Fuel_B,Sulfur,1.138,mg/kg,2026-03-17,False,
S0096,Fuel_B,Chloride,0.384,mg/kg,2026-03-17,False,
S0096,Fuel_B,Ash,0.855,% m/m,2026-03-17,False,
S0096,Fuel_B,Viscosity,5.564,cSt,2026-03-17,False,
S0097,Fuel_C,Water,45.452,mg/kg,2026-01-06,False,
S0097,Fuel_C,Sulfur,3.765,mg/kg,2026-01-06,False,
S0097,Fuel_C,Chloride,2.507,mg/kg,2026-01-06,False,
S0097,Fuel_C,Ash,0.451,% m/m,2026-01-06,False,
S0097,Fuel_C,Viscosity,8.536,cSt,2026-01-06,False,
S0098,Fuel_A,Water,8.628,mg/kg,2026-03-06,False,
S0098,Fuel_A,Sulfur,8.755,mg/kg,2026-03-06,False,
S0098,Fuel_A,Chloride,2.614,mg/kg,2026-03-06,False,
S0098,Fuel_A,Ash,0.373,% m/m,2026-03-06,False,
S0098,Fuel_A,Viscosity,4.679,cSt,2026-03-06,False,
S0099,Fuel_C,Water,32.365,unknown,2026-01-07,True,unit_mismatch
S0099,Fuel_C,Sulfur,13.568,mg/kg,2026-01-07,False,
S0099,Fuel_C,Chloride,3.619,mg/kg,2026-01-07,False,
S0099,Fuel_C,Ash,0.906,% m/m,2026-01-07,False,
S0099,Fuel_C,Viscosity,4.0,cSt,2026-01-07,False,
S0100,Fuel_A,Water,48.385,mg/kg,2026-02-14,False,
S0100,Fuel_A,Sulfur,7.839,mg/kg,2026-02-14,False,
S0100,Fuel_A,Chloride,4.69,mg/kg,2026-02-14,False,
S0100,Fuel_A,Ash,0.377,% m/m,2026-02-14,False,
S0100,Fuel_A,Viscosity,8.319,cSt,2026-02-14,False,
